[
{
    "model": "contenttypes.contenttype",
    "pk": 1,
    "fields": {
        "app_label": "admin",
        "model": "logentry"
    }
},
{
    "model": "contenttypes.contenttype",
    "pk": 2,
    "fields": {
        "app_label": "auth",
        "model": "permission"
    }
},
{
    "model": "contenttypes.contenttype",
    "pk": 3,
    "fields": {
        "app_label": "auth",
        "model": "group"
    }
},
{
    "model": "contenttypes.contenttype",
    "pk": 4,
    "fields": {
        "app_label": "contenttypes",
        "model": "contenttype"
    }
},
{
    "model": "contenttypes.contenttype",
    "pk": 5,
    "fields": {
        "app_label": "sessions",
        "model": "session"
    }
},
{
    "model": "contenttypes.contenttype",
    "pk": 6,
    "fields": {
        "app_label": "authtoken",
        "model": "token"
    }
},
{
    "model": "contenttypes.contenttype",
    "pk": 7,
    "fields": {
        "app_label": "accounts",
        "model": "user"
    }
},
{
    "model": "contenttypes.contenttype",
    "pk": 8,
    "fields": {
        "app_label": "stores",
        "model": "store"
    }
},
{
    "model": "contenttypes.contenttype",
    "pk": 9,
    "fields": {
        "app_label": "stores",
        "model": "storereview"
    }
},
{
    "model": "contenttypes.contenttype",
    "pk": 10,
    "fields": {
        "app_label": "products",
        "model": "attribute"
    }
},
{
    "model": "contenttypes.contenttype",
    "pk": 11,
    "fields": {
        "app_label": "products",
        "model": "category"
    }
},
{
    "model": "contenttypes.contenttype",
    "pk": 12,
    "fields": {
        "app_label": "products",
        "model": "image"
    }
},
{
    "model": "contenttypes.contenttype",
    "pk": 13,
    "fields": {
        "app_label": "products",
        "model": "option"
    }
},
{
    "model": "contenttypes.contenttype",
    "pk": 14,
    "fields": {
        "app_label": "products",
        "model": "product"
    }
},
{
    "model": "contenttypes.contenttype",
    "pk": 15,
    "fields": {
        "app_label": "products",
        "model": "review"
    }
},
{
    "model": "contenttypes.contenttype",
    "pk": 16,
    "fields": {
        "app_label": "products",
        "model": "tag"
    }
},
{
    "model": "contenttypes.contenttype",
    "pk": 17,
    "fields": {
        "app_label": "products",
        "model": "variation"
    }
},
{
    "model": "contenttypes.contenttype",
    "pk": 18,
    "fields": {
        "app_label": "wishlists",
        "model": "wishlist"
    }
},
{
    "model": "contenttypes.contenttype",
    "pk": 19,
    "fields": {
        "app_label": "billings",
        "model": "billingprofile"
    }
},
{
    "model": "contenttypes.contenttype",
    "pk": 20,
    "fields": {
        "app_label": "addresses",
        "model": "address"
    }
},
{
    "model": "contenttypes.contenttype",
    "pk": 21,
    "fields": {
        "app_label": "orders",
        "model": "order"
    }
},
{
    "model": "contenttypes.contenttype",
    "pk": 22,
    "fields": {
        "app_label": "orders",
        "model": "lineitem"
    }
},
{
    "model": "accounts.user",
    "pk": 1,
    "fields": {
        "password": "pbkdf2_sha256$100000$onIA4FKTNlNz$bYQKY0K/VpcPjzrgAxxpV4Nwd6Za6FJ0V5SHrzlYGbE=",
        "last_login": "2017-12-22T06:55:36.552Z",
        "email": "test@gmail.com",
        "phone": "01676290038",
        "full_name": "Lord Hung",
        "is_active": true,
        "staff": true,
        "admin": true,
        "avatar": "testgmailcom/avatar/xxx.jpg",
        "timestamp": "2017-12-08T04:08:18.429Z"
    }
},
{
    "model": "accounts.user",
    "pk": 2,
    "fields": {
        "password": "pbkdf2_sha256$100000$i9yzltvMVnCD$xTybQVH39RL1ygTs08HQx3ArlnoVyJkC+S0JfiSzHfs=",
        "last_login": null,
        "email": "test1@gmail.com",
        "phone": "01676290038",
        "full_name": "Lord Hung",
        "is_active": true,
        "staff": false,
        "admin": false,
        "avatar": "",
        "timestamp": "2017-12-08T10:45:07.359Z"
    }
},
{
    "model": "accounts.user",
    "pk": 3,
    "fields": {
        "password": "pbkdf2_sha256$100000$ALS7YSSabOVe$HC5BE8UQSxpXFONdvwRE+O5L9+qU9Lrn64X/BsspZUs=",
        "last_login": "2017-12-21T17:46:01.906Z",
        "email": "test2@gmail.com",
        "phone": "009549545223",
        "full_name": "Lord Hung",
        "is_active": true,
        "staff": true,
        "admin": true,
        "avatar": "",
        "timestamp": "2017-12-08T10:45:16.455Z"
    }
},
{
    "model": "accounts.user",
    "pk": 4,
    "fields": {
        "password": "pbkdf2_sha256$100000$i9yzltvMVnCD$xTybQVH39RL1ygTs08HQx3ArlnoVyJkC+S0JfiSzHfs=",
        "last_login": null,
        "email": "test3@gmail.com",
        "phone": "01676290038",
        "full_name": "Lord Hung",
        "is_active": true,
        "staff": false,
        "admin": false,
        "avatar": "",
        "timestamp": "2017-12-08T10:45:24.141Z"
    }
},
{
    "model": "accounts.user",
    "pk": 5,
    "fields": {
        "password": "pbkdf2_sha256$100000$sKylqFn28498$LQF7mwpfUw2RAIvWILtUA8MI/nhKfths+WvBxB/O37o=",
        "last_login": null,
        "email": "test4@gmail.com",
        "phone": "123456789",
        "full_name": "Test 4",
        "is_active": true,
        "staff": false,
        "admin": false,
        "avatar": "",
        "timestamp": "2017-12-21T11:01:52.073Z"
    }
},
{
    "model": "accounts.user",
    "pk": 6,
    "fields": {
        "password": "pbkdf2_sha256$100000$61lwVZ0MwxPO$juQSJsWzkG9NQB/DjJ4D9dIJ4+HQqOj/tX4ZgC4I7io=",
        "last_login": "2017-12-21T17:47:24.118Z",
        "email": "test5@gmail.com",
        "phone": "73465543532",
        "full_name": "Test 5",
        "is_active": true,
        "staff": false,
        "admin": false,
        "avatar": "",
        "timestamp": "2017-12-21T17:27:27.282Z"
    }
},
{
    "model": "stores.store",
    "pk": 1,
    "fields": {
        "name": "Shop Lord Hung",
        "user": 1,
        "active": true,
        "icon": "",
        "views_count": 0,
        "reviews_count": 0,
        "rating_cache": 0,
        "updated": "2017-12-08T04:08:33.047Z",
        "timestamp": "2017-12-08T04:08:33.047Z"
    }
},
{
    "model": "stores.store",
    "pk": 2,
    "fields": {
        "name": "Shop Test 1",
        "user": 2,
        "active": true,
        "icon": "",
        "views_count": 0,
        "reviews_count": 0,
        "rating_cache": 0,
        "updated": "2017-12-08T10:45:42.454Z",
        "timestamp": "2017-12-08T10:45:42.454Z"
    }
},
{
    "model": "stores.store",
    "pk": 3,
    "fields": {
        "name": "Shop Test 2",
        "user": 3,
        "active": true,
        "icon": "",
        "views_count": 0,
        "reviews_count": 0,
        "rating_cache": 0,
        "updated": "2017-12-08T10:45:46.639Z",
        "timestamp": "2017-12-08T10:45:46.639Z"
    }
},
{
    "model": "stores.store",
    "pk": 4,
    "fields": {
        "name": "Shop Test 3",
        "user": 4,
        "active": true,
        "icon": "",
        "views_count": 0,
        "reviews_count": 0,
        "rating_cache": 0,
        "updated": "2017-12-08T10:45:50.463Z",
        "timestamp": "2017-12-08T10:45:50.463Z"
    }
},
{
    "model": "products.category",
    "pk": 1,
    "fields": {
        "name": "Converse",
        "parent": 2,
        "store": 1,
        "description": "",
        "image": "",
        "active": true,
        "updated": "2017-12-23T20:13:26.984Z",
        "timestamp": "2017-12-08T04:11:51.519Z",
        "slug": ""
    }
},
{
    "model": "products.category",
    "pk": 2,
    "fields": {
        "name": "Gi\u00e0y",
        "parent": null,
        "store": 1,
        "description": "",
        "image": "testgmailcom/store/categories/Gi\u00e0y/giay-converse-2.jpg",
        "active": true,
        "updated": "2017-12-23T20:13:26.984Z",
        "timestamp": "2017-12-23T13:04:29.158Z",
        "slug": ""
    }
},
{
    "model": "products.category",
    "pk": 3,
    "fields": {
        "name": "Bitis",
        "parent": 2,
        "store": 1,
        "description": "",
        "image": "",
        "active": true,
        "updated": "2017-12-23T20:13:26.984Z",
        "timestamp": "2017-12-23T19:22:56.053Z",
        "slug": ""
    }
},
{
    "model": "products.category",
    "pk": 4,
    "fields": {
        "name": "\u00c1o Nam",
        "parent": null,
        "store": 1,
        "description": "",
        "image": "testgmailcom/store/categories/\u00c1o Nam/aonam.jpg",
        "active": true,
        "updated": "2017-12-23T20:13:26.984Z",
        "timestamp": "2017-12-23T19:55:06.746Z",
        "slug": ""
    }
},
{
    "model": "products.product",
    "pk": 1,
    "fields": {
        "name": "Giay Converse Navy",
        "store": 1,
        "price": "300000.00",
        "on_sale": true,
        "sale_price": "200000.00",
        "quantity": 0,
        "description": "<ol>\r\n  <li>Giay Converse 2017</li>\r\n  <li>Giay Converse 2017</li>\r\n</ol>",
        "short_description": "",
        "status": "available",
        "purchasable": true,
        "reviews_allowed": true,
        "updated": "2017-12-24T05:36:42.675Z",
        "timestamp": "2017-12-08T04:12:35.768Z",
        "categories": [
            2,
            1
        ],
        "tags": [],
        "attributes": [
            1,
            2
        ]
    }
},
{
    "model": "products.product",
    "pk": 2,
    "fields": {
        "name": "Giay Converse Star",
        "store": 1,
        "price": "400000.00",
        "on_sale": true,
        "sale_price": "300000.00",
        "quantity": 0,
        "description": "Giay Converse Star xxxxx",
        "short_description": "",
        "status": "available",
        "purchasable": true,
        "reviews_allowed": true,
        "updated": "2017-12-23T13:35:59.442Z",
        "timestamp": "2017-12-08T10:46:51.216Z",
        "categories": [
            2,
            1
        ],
        "tags": [],
        "attributes": []
    }
},
{
    "model": "products.product",
    "pk": 3,
    "fields": {
        "name": "Giay Converse Chuck II",
        "store": 1,
        "price": "700000.00",
        "on_sale": true,
        "sale_price": "300000.00",
        "quantity": 0,
        "description": "Giay Converse Chuck II",
        "short_description": "",
        "status": "available",
        "purchasable": true,
        "reviews_allowed": true,
        "updated": "2017-12-24T05:37:02.379Z",
        "timestamp": "2017-12-08T10:49:01.601Z",
        "categories": [
            2,
            1
        ],
        "tags": [],
        "attributes": []
    }
},
{
    "model": "products.product",
    "pk": 4,
    "fields": {
        "name": "Giay Bitis New 2017",
        "store": 1,
        "price": "900000.00",
        "on_sale": true,
        "sale_price": "300000.00",
        "quantity": 0,
        "description": "Giay Bitis New 2017",
        "short_description": "",
        "status": "available",
        "purchasable": true,
        "reviews_allowed": true,
        "updated": "2017-12-23T19:23:07.018Z",
        "timestamp": "2017-12-08T10:49:58.484Z",
        "categories": [
            2,
            3
        ],
        "tags": [],
        "attributes": []
    }
},
{
    "model": "products.product",
    "pk": 5,
    "fields": {
        "name": "\u00c1o Kho\u00e1c Denim Diablo",
        "store": 1,
        "price": "1000000.00",
        "on_sale": false,
        "sale_price": null,
        "quantity": 0,
        "description": "",
        "short_description": "",
        "status": "available",
        "purchasable": true,
        "reviews_allowed": true,
        "updated": "2017-12-23T19:57:46.965Z",
        "timestamp": "2017-12-23T19:57:46.965Z",
        "categories": [
            4
        ],
        "tags": [],
        "attributes": []
    }
},
{
    "model": "products.option",
    "pk": 1,
    "fields": {
        "name": "M",
        "attribute": 1
    }
},
{
    "model": "products.option",
    "pk": 2,
    "fields": {
        "name": "S",
        "attribute": 1
    }
},
{
    "model": "products.option",
    "pk": 3,
    "fields": {
        "name": "L",
        "attribute": 1
    }
},
{
    "model": "products.option",
    "pk": 4,
    "fields": {
        "name": "XL",
        "attribute": 1
    }
},
{
    "model": "products.option",
    "pk": 5,
    "fields": {
        "name": "Red",
        "attribute": 2
    }
},
{
    "model": "products.option",
    "pk": 6,
    "fields": {
        "name": "Black",
        "attribute": 2
    }
},
{
    "model": "products.option",
    "pk": 7,
    "fields": {
        "name": "Blue",
        "attribute": 2
    }
},
{
    "model": "products.attribute",
    "pk": 1,
    "fields": {
        "name": "Size"
    }
},
{
    "model": "products.attribute",
    "pk": 2,
    "fields": {
        "name": "Color"
    }
},
{
    "model": "products.image",
    "pk": 1,
    "fields": {
        "product": 1,
        "image": "testgmailcom/store/products/20161118091732816890_kiuiuu/3665316736.jpg"
    }
},
{
    "model": "products.image",
    "pk": 2,
    "fields": {
        "product": 1,
        "image": "testgmailcom/store/products/70s-colletion-thumb/727263713.png"
    }
},
{
    "model": "products.image",
    "pk": 3,
    "fields": {
        "product": 1,
        "image": "testgmailcom/store/products/20161118091732816890_kiuiuu/2398299049.jpg"
    }
},
{
    "model": "products.image",
    "pk": 4,
    "fields": {
        "product": 2,
        "image": "testgmailcom/store/products/one-star-collection-w/2412284375.png"
    }
},
{
    "model": "products.image",
    "pk": 5,
    "fields": {
        "product": 2,
        "image": "testgmailcom/store/products/wo-sn/1952449229.png"
    }
},
{
    "model": "products.image",
    "pk": 6,
    "fields": {
        "product": 3,
        "image": "testgmailcom/store/products/70s-colletion-thumb/2614907241.png"
    }
},
{
    "model": "products.image",
    "pk": 7,
    "fields": {
        "product": 2,
        "image": "testgmailcom/store/products/20161118091732816890_kiuiuu/1060405089.jpg"
    }
},
{
    "model": "products.image",
    "pk": 8,
    "fields": {
        "product": 4,
        "image": "testgmailcom/store/products/giay-bts-thap-co-trang-31/3366111385.jpg"
    }
},
{
    "model": "products.image",
    "pk": 9,
    "fields": {
        "product": 5,
        "image": "testgmailcom/store/products/diablo-denim-jacket/686327184.png"
    }
},
{
    "model": "products.review",
    "pk": 1,
    "fields": {
        "user": 1,
        "product": 1,
        "rating": 4.0,
        "comment": "S\u1ea3n ph\u1ea9m qu\u00e1 t\u1ed1t trong t\u1ea7m gi\u00e1 :3",
        "approved": true,
        "spam": false,
        "updated": "2017-12-13T14:32:17.762Z",
        "timestamp": "2017-12-13T14:27:31.080Z"
    }
},
{
    "model": "products.review",
    "pk": 2,
    "fields": {
        "user": 2,
        "product": 1,
        "rating": 4.5,
        "comment": "S\u1ea3n ph\u1ea9m \u0111\u01b0\u1ee3c \u0111\u00f3ng g\u00f3i c\u1ea9n th\u1eadn, giao h\u00e0ng nhanh",
        "approved": true,
        "spam": false,
        "updated": "2017-12-13T15:18:30.110Z",
        "timestamp": "2017-12-13T14:35:44.302Z"
    }
},
{
    "model": "billings.billingprofile",
    "pk": 3,
    "fields": {
        "user": 1,
        "customer_id": null,
        "email": "test@gmail.com",
        "phone": "01676290038",
        "active": true,
        "update": "2017-12-21T10:59:56.255Z",
        "timestamp": "2017-12-21T10:59:56.255Z"
    }
},
{
    "model": "billings.billingprofile",
    "pk": 4,
    "fields": {
        "user": 5,
        "customer_id": null,
        "email": "test4@gmail.com",
        "phone": "123456789",
        "active": true,
        "update": "2017-12-21T11:01:52.082Z",
        "timestamp": "2017-12-21T11:01:52.082Z"
    }
},
{
    "model": "billings.billingprofile",
    "pk": 5,
    "fields": {
        "user": 6,
        "customer_id": null,
        "email": "test5@gmail.com",
        "phone": "090088432",
        "active": true,
        "update": "2017-12-21T17:27:27.288Z",
        "timestamp": "2017-12-21T17:27:27.288Z"
    }
},
{
    "model": "billings.billingprofile",
    "pk": 6,
    "fields": {
        "user": 3,
        "customer_id": null,
        "email": "test2@gmail.com",
        "phone": "01676290038",
        "active": true,
        "update": "2017-12-21T17:27:39.662Z",
        "timestamp": "2017-12-21T17:27:39.662Z"
    }
},
{
    "model": "addresses.address",
    "pk": 1,
    "fields": {
        "billing_profile": 3,
        "name": "Lord Hung",
        "address_type": "billing",
        "address_line_1": "123 Mother Fucker",
        "address_line_2": "12345 Mother Fucker",
        "city": "Bien Hoa",
        "country": "VN",
        "district": "Thong Nhat",
        "postal_code": "810000"
    }
},
{
    "model": "auth.permission",
    "pk": 1,
    "fields": {
        "name": "Can add log entry",
        "content_type": 1,
        "codename": "add_logentry"
    }
},
{
    "model": "auth.permission",
    "pk": 2,
    "fields": {
        "name": "Can change log entry",
        "content_type": 1,
        "codename": "change_logentry"
    }
},
{
    "model": "auth.permission",
    "pk": 3,
    "fields": {
        "name": "Can delete log entry",
        "content_type": 1,
        "codename": "delete_logentry"
    }
},
{
    "model": "auth.permission",
    "pk": 4,
    "fields": {
        "name": "Can add permission",
        "content_type": 2,
        "codename": "add_permission"
    }
},
{
    "model": "auth.permission",
    "pk": 5,
    "fields": {
        "name": "Can change permission",
        "content_type": 2,
        "codename": "change_permission"
    }
},
{
    "model": "auth.permission",
    "pk": 6,
    "fields": {
        "name": "Can delete permission",
        "content_type": 2,
        "codename": "delete_permission"
    }
},
{
    "model": "auth.permission",
    "pk": 7,
    "fields": {
        "name": "Can add group",
        "content_type": 3,
        "codename": "add_group"
    }
},
{
    "model": "auth.permission",
    "pk": 8,
    "fields": {
        "name": "Can change group",
        "content_type": 3,
        "codename": "change_group"
    }
},
{
    "model": "auth.permission",
    "pk": 9,
    "fields": {
        "name": "Can delete group",
        "content_type": 3,
        "codename": "delete_group"
    }
},
{
    "model": "auth.permission",
    "pk": 10,
    "fields": {
        "name": "Can add content type",
        "content_type": 4,
        "codename": "add_contenttype"
    }
},
{
    "model": "auth.permission",
    "pk": 11,
    "fields": {
        "name": "Can change content type",
        "content_type": 4,
        "codename": "change_contenttype"
    }
},
{
    "model": "auth.permission",
    "pk": 12,
    "fields": {
        "name": "Can delete content type",
        "content_type": 4,
        "codename": "delete_contenttype"
    }
},
{
    "model": "auth.permission",
    "pk": 13,
    "fields": {
        "name": "Can add session",
        "content_type": 5,
        "codename": "add_session"
    }
},
{
    "model": "auth.permission",
    "pk": 14,
    "fields": {
        "name": "Can change session",
        "content_type": 5,
        "codename": "change_session"
    }
},
{
    "model": "auth.permission",
    "pk": 15,
    "fields": {
        "name": "Can delete session",
        "content_type": 5,
        "codename": "delete_session"
    }
},
{
    "model": "auth.permission",
    "pk": 16,
    "fields": {
        "name": "Can add Token",
        "content_type": 6,
        "codename": "add_token"
    }
},
{
    "model": "auth.permission",
    "pk": 17,
    "fields": {
        "name": "Can change Token",
        "content_type": 6,
        "codename": "change_token"
    }
},
{
    "model": "auth.permission",
    "pk": 18,
    "fields": {
        "name": "Can delete Token",
        "content_type": 6,
        "codename": "delete_token"
    }
},
{
    "model": "auth.permission",
    "pk": 19,
    "fields": {
        "name": "Can add user",
        "content_type": 7,
        "codename": "add_user"
    }
},
{
    "model": "auth.permission",
    "pk": 20,
    "fields": {
        "name": "Can change user",
        "content_type": 7,
        "codename": "change_user"
    }
},
{
    "model": "auth.permission",
    "pk": 21,
    "fields": {
        "name": "Can delete user",
        "content_type": 7,
        "codename": "delete_user"
    }
},
{
    "model": "auth.permission",
    "pk": 22,
    "fields": {
        "name": "Can add store",
        "content_type": 8,
        "codename": "add_store"
    }
},
{
    "model": "auth.permission",
    "pk": 23,
    "fields": {
        "name": "Can change store",
        "content_type": 8,
        "codename": "change_store"
    }
},
{
    "model": "auth.permission",
    "pk": 24,
    "fields": {
        "name": "Can delete store",
        "content_type": 8,
        "codename": "delete_store"
    }
},
{
    "model": "auth.permission",
    "pk": 25,
    "fields": {
        "name": "Can add store review",
        "content_type": 9,
        "codename": "add_storereview"
    }
},
{
    "model": "auth.permission",
    "pk": 26,
    "fields": {
        "name": "Can change store review",
        "content_type": 9,
        "codename": "change_storereview"
    }
},
{
    "model": "auth.permission",
    "pk": 27,
    "fields": {
        "name": "Can delete store review",
        "content_type": 9,
        "codename": "delete_storereview"
    }
},
{
    "model": "auth.permission",
    "pk": 28,
    "fields": {
        "name": "Can add attribute",
        "content_type": 10,
        "codename": "add_attribute"
    }
},
{
    "model": "auth.permission",
    "pk": 29,
    "fields": {
        "name": "Can change attribute",
        "content_type": 10,
        "codename": "change_attribute"
    }
},
{
    "model": "auth.permission",
    "pk": 30,
    "fields": {
        "name": "Can delete attribute",
        "content_type": 10,
        "codename": "delete_attribute"
    }
},
{
    "model": "auth.permission",
    "pk": 31,
    "fields": {
        "name": "Can add category",
        "content_type": 11,
        "codename": "add_category"
    }
},
{
    "model": "auth.permission",
    "pk": 32,
    "fields": {
        "name": "Can change category",
        "content_type": 11,
        "codename": "change_category"
    }
},
{
    "model": "auth.permission",
    "pk": 33,
    "fields": {
        "name": "Can delete category",
        "content_type": 11,
        "codename": "delete_category"
    }
},
{
    "model": "auth.permission",
    "pk": 34,
    "fields": {
        "name": "Can add image",
        "content_type": 12,
        "codename": "add_image"
    }
},
{
    "model": "auth.permission",
    "pk": 35,
    "fields": {
        "name": "Can change image",
        "content_type": 12,
        "codename": "change_image"
    }
},
{
    "model": "auth.permission",
    "pk": 36,
    "fields": {
        "name": "Can delete image",
        "content_type": 12,
        "codename": "delete_image"
    }
},
{
    "model": "auth.permission",
    "pk": 37,
    "fields": {
        "name": "Can add option",
        "content_type": 13,
        "codename": "add_option"
    }
},
{
    "model": "auth.permission",
    "pk": 38,
    "fields": {
        "name": "Can change option",
        "content_type": 13,
        "codename": "change_option"
    }
},
{
    "model": "auth.permission",
    "pk": 39,
    "fields": {
        "name": "Can delete option",
        "content_type": 13,
        "codename": "delete_option"
    }
},
{
    "model": "auth.permission",
    "pk": 40,
    "fields": {
        "name": "Can add product",
        "content_type": 14,
        "codename": "add_product"
    }
},
{
    "model": "auth.permission",
    "pk": 41,
    "fields": {
        "name": "Can change product",
        "content_type": 14,
        "codename": "change_product"
    }
},
{
    "model": "auth.permission",
    "pk": 42,
    "fields": {
        "name": "Can delete product",
        "content_type": 14,
        "codename": "delete_product"
    }
},
{
    "model": "auth.permission",
    "pk": 43,
    "fields": {
        "name": "Can add review",
        "content_type": 15,
        "codename": "add_review"
    }
},
{
    "model": "auth.permission",
    "pk": 44,
    "fields": {
        "name": "Can change review",
        "content_type": 15,
        "codename": "change_review"
    }
},
{
    "model": "auth.permission",
    "pk": 45,
    "fields": {
        "name": "Can delete review",
        "content_type": 15,
        "codename": "delete_review"
    }
},
{
    "model": "auth.permission",
    "pk": 46,
    "fields": {
        "name": "Can add tag",
        "content_type": 16,
        "codename": "add_tag"
    }
},
{
    "model": "auth.permission",
    "pk": 47,
    "fields": {
        "name": "Can change tag",
        "content_type": 16,
        "codename": "change_tag"
    }
},
{
    "model": "auth.permission",
    "pk": 48,
    "fields": {
        "name": "Can delete tag",
        "content_type": 16,
        "codename": "delete_tag"
    }
},
{
    "model": "auth.permission",
    "pk": 49,
    "fields": {
        "name": "Can add variation",
        "content_type": 17,
        "codename": "add_variation"
    }
},
{
    "model": "auth.permission",
    "pk": 50,
    "fields": {
        "name": "Can change variation",
        "content_type": 17,
        "codename": "change_variation"
    }
},
{
    "model": "auth.permission",
    "pk": 51,
    "fields": {
        "name": "Can delete variation",
        "content_type": 17,
        "codename": "delete_variation"
    }
},
{
    "model": "auth.permission",
    "pk": 52,
    "fields": {
        "name": "Can add wish list",
        "content_type": 18,
        "codename": "add_wishlist"
    }
},
{
    "model": "auth.permission",
    "pk": 53,
    "fields": {
        "name": "Can change wish list",
        "content_type": 18,
        "codename": "change_wishlist"
    }
},
{
    "model": "auth.permission",
    "pk": 54,
    "fields": {
        "name": "Can delete wish list",
        "content_type": 18,
        "codename": "delete_wishlist"
    }
},
{
    "model": "auth.permission",
    "pk": 55,
    "fields": {
        "name": "Can add billing profile",
        "content_type": 19,
        "codename": "add_billingprofile"
    }
},
{
    "model": "auth.permission",
    "pk": 56,
    "fields": {
        "name": "Can change billing profile",
        "content_type": 19,
        "codename": "change_billingprofile"
    }
},
{
    "model": "auth.permission",
    "pk": 57,
    "fields": {
        "name": "Can delete billing profile",
        "content_type": 19,
        "codename": "delete_billingprofile"
    }
},
{
    "model": "auth.permission",
    "pk": 58,
    "fields": {
        "name": "Can add address",
        "content_type": 20,
        "codename": "add_address"
    }
},
{
    "model": "auth.permission",
    "pk": 59,
    "fields": {
        "name": "Can change address",
        "content_type": 20,
        "codename": "change_address"
    }
},
{
    "model": "auth.permission",
    "pk": 60,
    "fields": {
        "name": "Can delete address",
        "content_type": 20,
        "codename": "delete_address"
    }
},
{
    "model": "auth.permission",
    "pk": 61,
    "fields": {
        "name": "Can add order",
        "content_type": 21,
        "codename": "add_order"
    }
},
{
    "model": "auth.permission",
    "pk": 62,
    "fields": {
        "name": "Can change order",
        "content_type": 21,
        "codename": "change_order"
    }
},
{
    "model": "auth.permission",
    "pk": 63,
    "fields": {
        "name": "Can delete order",
        "content_type": 21,
        "codename": "delete_order"
    }
},
{
    "model": "auth.permission",
    "pk": 64,
    "fields": {
        "name": "Can add line item",
        "content_type": 22,
        "codename": "add_lineitem"
    }
},
{
    "model": "auth.permission",
    "pk": 65,
    "fields": {
        "name": "Can change line item",
        "content_type": 22,
        "codename": "change_lineitem"
    }
},
{
    "model": "auth.permission",
    "pk": 66,
    "fields": {
        "name": "Can delete line item",
        "content_type": 22,
        "codename": "delete_lineitem"
    }
}
]
